{
  "men-shoes":{
    "air-jordan-3-valor-blue": {
      "name": "VALOUR BLUE",
      "price":72,
      "itemsLeft":3,
      "img":
        "https://secure-images.nike.com/is/image/DotCom/CT8532_104_A_PREM?$SNKRS_COVER_WD$&align=0,1"
    },
    "jordan-mars-270-london": {
      "name": "JORDAN MARS 270 LONDON",
      "price":100,
      "itemsLeft":5,
      "img":
        "https://secure-images.nike.com/is/image/DotCom/CV3042_001_A_PREM?$SNKRS_COVER_WD$&align=0,1"
    },
    "air-jordan-1-zoom-racer-blue": {
      "name": "RACER BLUE",
      "price":120,
      "itemsLeft":0,
      "img":
        "https://secure-images.nike.com/is/image/DotCom/CK6637_104_A_PREM?$SNKRS_COVER_WD$&align=0,1"
    },
    "cosmic-unity-basketball-shoe": {
      "name": "RACER BLUE",
      "price":72,
      "itemsLeft":10,
      "img":
        "https://static.nike.com/a/images/t_PDP_864_v1/f_auto,b_rgb:f5f5f5/214f6074-9556-4d05-822c-17d2eb946875/cosmic-unity-basketball-shoe-nDHKr4.png"
    },
    "nike-react-infinity-run-flyknit":{
      "name":"VANS",
      "price":90,
      "itemsLeft":7,
      "img":"https://static.nike.com/a/images/c_limit,w_592,f_auto/t_product_v1/i1-665455a5-45de-40fb-945f-c1852b82400d/react-infinity-run-flyknit-mens-running-shoe-zX42Nc.jpg"
    },
    "nike-react-miler":{
      "name":"NIKE",
      "price":30,
      "itemsLeft":1,
      "img":"https://static.nike.com/a/images/c_limit,w_592,f_auto/t_product_v1/i1-5cc7de3b-2afc-49c2-a1e4-0508997d09e6/react-miler-mens-running-shoe-DgF6nr.jpg"
    },   
    "michael-feburary-sk8-hi":{
      "name":"REEBOK",
      "price":56,
      "itemsLeft":10,
      "img":"https://images.vans.com/is/image/Vans/MV122M-HERO?$583x583$"
    }
  },
  "women-shoes":{
    "air-jordan-3-valor-blue": {
      "name": "VALOUR BLUE",
      "price":72,
      "itemsLeft":3,
      "img":
        "https://secure-images.nike.com/is/image/DotCom/CT8532_104_A_PREM?$SNKRS_COVER_WD$&align=0,1"
    },
    "jordan-mars-270-london": {
      "name": "JORDAN MARS 270 LONDON",
      "price":100,
      "itemsLeft":5,
      "img":
        "https://secure-images.nike.com/is/image/DotCom/CV3042_001_A_PREM?$SNKRS_COVER_WD$&align=0,1"
    },
    "air-jordan-1-zoom-racer-blue": {
      "name": "RACER BLUE",
      "price":120,
      "itemsLeft":0,
      "img":
        "https://secure-images.nike.com/is/image/DotCom/CK6637_104_A_PREM?$SNKRS_COVER_WD$&align=0,1"
    },
    "cosmic-unity-basketball-shoe": {
      "name": "RACER BLUE",
      "price":72,
      "itemsLeft":10,
      "img":
        "https://static.nike.com/a/images/t_PDP_864_v1/f_auto,b_rgb:f5f5f5/214f6074-9556-4d05-822c-17d2eb946875/cosmic-unity-basketball-shoe-nDHKr4.png"
    },
    "nike-react-infinity-run-flyknit":{
      "name":"VANS",
      "price":90,
      "itemsLeft":7,
      "img":"https://static.nike.com/a/images/c_limit,w_592,f_auto/t_product_v1/i1-665455a5-45de-40fb-945f-c1852b82400d/react-infinity-run-flyknit-mens-running-shoe-zX42Nc.jpg"
    },
    "nike-react-miler":{
      "name":"NIKE",
      "price":30,
      "itemsLeft":1,
      "img":"https://static.nike.com/a/images/c_limit,w_592,f_auto/t_product_v1/i1-5cc7de3b-2afc-49c2-a1e4-0508997d09e6/react-miler-mens-running-shoe-DgF6nr.jpg"
    },   
    "michael-feburary-sk8-hi":{
      "name":"REEBOK",
      "price":56,
      "itemsLeft":10,
      "img":"https://images.vans.com/is/image/Vans/MV122M-HERO?$583x583$"
    }
  },
  "kids-shoes":{
    "air-jordan-3-valor-blue": {
      "name": "VALOUR BLUE",
      "price":72,
      "itemsLeft":3,
      "img":
        "https://secure-images.nike.com/is/image/DotCom/CT8532_104_A_PREM?$SNKRS_COVER_WD$&align=0,1"
    },
    "jordan-mars-270-london": {
      "name": "JORDAN MARS 270 LONDON",
      "price":100,
      "itemsLeft":5,
      "img":
        "https://secure-images.nike.com/is/image/DotCom/CV3042_001_A_PREM?$SNKRS_COVER_WD$&align=0,1"
    },
    "air-jordan-1-zoom-racer-blue": {
      "name": "RACER BLUE",
      "price":120,
      "itemsLeft":0,
      "img":
        "https://secure-images.nike.com/is/image/DotCom/CK6637_104_A_PREM?$SNKRS_COVER_WD$&align=0,1"
    },
    "cosmic-unity-basketball-shoe": {
      "name": "RACER BLUE",
      "price":72,
      "itemsLeft":10,
      "img":
        "https://static.nike.com/a/images/t_PDP_864_v1/f_auto,b_rgb:f5f5f5/214f6074-9556-4d05-822c-17d2eb946875/cosmic-unity-basketball-shoe-nDHKr4.png"
    },
    "nike-react-infinity-run-flyknit":{
      "name":"VANS",
      "price":90,
      "itemsLeft":7,
      "img":"https://static.nike.com/a/images/c_limit,w_592,f_auto/t_product_v1/i1-665455a5-45de-40fb-945f-c1852b82400d/react-infinity-run-flyknit-mens-running-shoe-zX42Nc.jpg"
    },
    "nike-react-miler":{
      "name":"NIKE",
      "price":30,
      "itemsLeft":1,
      "img":"https://static.nike.com/a/images/c_limit,w_592,f_auto/t_product_v1/i1-5cc7de3b-2afc-49c2-a1e4-0508997d09e6/react-miler-mens-running-shoe-DgF6nr.jpg"
    },   
    "michael-feburary-sk8-hi":{
      "name":"REEBOK",
      "price":56,
      "itemsLeft":10,
      "img":"https://images.vans.com/is/image/Vans/MV122M-HERO?$583x583$"
    }
  }
}
